,VITIS_LOOP_15_1,seq_loop_status1.csv
,VITIS_LOOP_145_1,seq_loop_status2.csv
,VITIS_LOOP_171_1,seq_loop_status3.csv
,VITIS_LOOP_197_1,seq_loop_status4.csv
grp_CNN_Pipeline_loop_for_channel_pad_0_fu_925,loop_for_channel_pad_0,upc_loop_status1.csv
grp_CNN_Pipeline_loop_for_3_channel_pad_1_loop_for_channel_pad_1_fu_933,loop_for_3_channel_pad_1_loop_for_channel_pad_1,upc_loop_status2.csv
grp_CNN_Pipeline_loop_for_ap_0_fu_941,loop_for_ap_0,upc_loop_status3.csv
grp_CNN_Pipeline_VITIS_LOOP_41_1_loop_for_ap_1_fu_957,VITIS_LOOP_41_1_loop_for_ap_1,upc_loop_status4.csv
grp_CNN_Pipeline_loop_for_channel_pool_0_loop_for_weight_pool_0_fu_967,loop_for_channel_pool_0_loop_for_weight_pool_0,upc_loop_status5.csv
grp_CNN_Pipeline_loop_for_3_channel_pad_2_loop_for_channel_pad_2_fu_973,loop_for_3_channel_pad_2_loop_for_channel_pad_2,upc_loop_status6.csv
grp_CNN_Pipeline_VITIS_LOOP_67_1_loop_for_ap_2_fu_980,VITIS_LOOP_67_1_loop_for_ap_2,upc_loop_status7.csv
grp_CNN_Pipeline_loop_for_3_channel_pad_3_loop_for_channel_pad_3_fu_989,loop_for_3_channel_pad_3_loop_for_channel_pad_3,upc_loop_status8.csv
grp_CNN_Pipeline_VITIS_LOOP_93_1_loop_for_ap_3_fu_997,VITIS_LOOP_93_1_loop_for_ap_3,upc_loop_status9.csv
grp_CNN_Pipeline_loop_for_channel_pool_1_loop_for_weight_pool_1_fu_1007,loop_for_channel_pool_1_loop_for_weight_pool_1,upc_loop_status10.csv
grp_CNN_Pipeline_loop_for_3_channel_pad_4_loop_for_channel_pad_4_fu_1013,loop_for_3_channel_pad_4_loop_for_channel_pad_4,upc_loop_status11.csv
grp_CNN_Pipeline_VITIS_LOOP_119_1_loop_for_ap_4_fu_1021,VITIS_LOOP_119_1_loop_for_ap_4,upc_loop_status12.csv
grp_CNN_Pipeline_loop_for_3_channel_pad_5_loop_for_channel_pad_5_fu_1031,loop_for_3_channel_pad_5_loop_for_channel_pad_5,upc_loop_status13.csv
grp_CNN_Pipeline_loop_for_channel_pool_2_loop_for_weight_pool_2_fu_1037,loop_for_channel_pool_2_loop_for_weight_pool_2,upc_loop_status14.csv
grp_CNN_Pipeline_loop_for_ap_5_loop_for_fc_5_loop_for_fa_5_fu_1043,loop_for_ap_5_loop_for_fc_5_loop_for_fa_5,upc_loop_status15.csv
grp_CNN_Pipeline_loop_for_3_channel_pad_6_loop_for_channel_pad_6_fu_1054,loop_for_3_channel_pad_6_loop_for_channel_pad_6,upc_loop_status16.csv
grp_CNN_Pipeline_loop_for_3_channel_pad_7_loop_for_channel_pad_7_fu_1060,loop_for_3_channel_pad_7_loop_for_channel_pad_7,upc_loop_status17.csv
grp_CNN_Pipeline_loop_for_ap_6_loop_for_fc_6_loop_for_fa_6_fu_1066,loop_for_ap_6_loop_for_fc_6_loop_for_fa_6,upc_loop_status18.csv
grp_CNN_Pipeline_loop_for_channel_pool_3_loop_for_weight_pool_3_fu_1078,loop_for_channel_pool_3_loop_for_weight_pool_3,upc_loop_status19.csv
grp_CNN_Pipeline_loop_for_ap_7_loop_for_fc_7_loop_for_fa_7_fu_1093,loop_for_ap_7_loop_for_fc_7_loop_for_fa_7,upc_loop_status20.csv
grp_CNN_Pipeline_VITIS_LOOP_93_1_fu_1105,VITIS_LOOP_93_1,upc_loop_status21.csv
grp_CNN_Pipeline_loop_for_a_Dense_0_fu_1120,loop_for_a_Dense_0,upc_loop_status22.csv
grp_CNN_Pipeline_loop_for_a_Dense_1_fu_1161,loop_for_a_Dense_1,upc_loop_status23.csv
grp_CNN_Pipeline_loop_detect_fu_1190,loop_detect,upc_loop_status24.csv
