,AESL_inst_CNN,,module_status1.csv
,grp_CNN_Pipeline_loop_for_channel_pad_0_fu_925,,module_status2.csv
,grp_CNN_Pipeline_loop_for_3_channel_pad_1_loop_for_channel_pad_1_fu_933,,module_status3.csv
,grp_CNN_Pipeline_loop_for_ap_0_fu_941,,module_status4.csv
,grp_CNN_Pipeline_VITIS_LOOP_41_1_loop_for_ap_1_fu_957,,module_status5.csv
,grp_CNN_Pipeline_loop_for_channel_pool_0_loop_for_weight_pool_0_fu_967,,module_status6.csv
,grp_CNN_Pipeline_loop_for_3_channel_pad_2_loop_for_channel_pad_2_fu_973,,module_status7.csv
,grp_CNN_Pipeline_VITIS_LOOP_67_1_loop_for_ap_2_fu_980,,module_status8.csv
,grp_CNN_Pipeline_loop_for_3_channel_pad_3_loop_for_channel_pad_3_fu_989,,module_status9.csv
,grp_CNN_Pipeline_VITIS_LOOP_93_1_loop_for_ap_3_fu_997,,module_status10.csv
,grp_CNN_Pipeline_loop_for_channel_pool_1_loop_for_weight_pool_1_fu_1007,,module_status11.csv
,grp_CNN_Pipeline_loop_for_3_channel_pad_4_loop_for_channel_pad_4_fu_1013,,module_status12.csv
,grp_CNN_Pipeline_VITIS_LOOP_119_1_loop_for_ap_4_fu_1021,,module_status13.csv
,grp_CNN_Pipeline_loop_for_3_channel_pad_5_loop_for_channel_pad_5_fu_1031,,module_status14.csv
,grp_CNN_Pipeline_loop_for_channel_pool_2_loop_for_weight_pool_2_fu_1037,,module_status15.csv
,grp_CNN_Pipeline_loop_for_ap_5_loop_for_fc_5_loop_for_fa_5_fu_1043,,module_status16.csv
,grp_CNN_Pipeline_loop_for_3_channel_pad_6_loop_for_channel_pad_6_fu_1054,,module_status17.csv
,grp_CNN_Pipeline_loop_for_3_channel_pad_7_loop_for_channel_pad_7_fu_1060,,module_status18.csv
,grp_CNN_Pipeline_loop_for_ap_6_loop_for_fc_6_loop_for_fa_6_fu_1066,,module_status19.csv
,grp_CNN_Pipeline_loop_for_channel_pool_3_loop_for_weight_pool_3_fu_1078,,module_status20.csv
,grp_CNN_Pipeline_loop_for_ap_7_loop_for_fc_7_loop_for_fa_7_fu_1093,,module_status21.csv
,grp_CNN_Pipeline_VITIS_LOOP_93_1_fu_1105,,module_status22.csv
,grp_CNN_Pipeline_loop_for_a_Dense_0_fu_1120,,module_status23.csv
,grp_CNN_Pipeline_loop_for_a_Dense_1_fu_1161,,module_status24.csv
,grp_CNN_Pipeline_loop_detect_fu_1190,,module_status25.csv
